[{"main-sidebar":["search-2","categories-4","posts-widget-2","custom_html-2"],"footer-main-widget-1":["block-widget-3"],"footer-main-widget-2":["nav_menu-2"],"footer-main-widget-3":["nav_menu-3"],"footer-main-widget-4":["nav_menu-4"],"shop-sidebar":["yith-woo-ajax-reset-navigation-3","woocommerce_product_categories-2","yith-woo-ajax-navigation-6","yith-woo-ajax-navigation-2","yith-woo-ajax-navigation-3"],"shop-top-sidebar":["yith-woo-ajax-reset-navigation-2","woocommerce_product_categories-3","product-ordering-widget-2","yith-woo-ajax-navigation-5","woocommerce_price_filter-2"]},{"search":{"2":{"title":""},"_multiwidget":1},"categories":{"4":{"title":"Categories","count":1,"hierarchical":0,"dropdown":0},"_multiwidget":1},"posts-widget":{"2":{"title":"Popular Posts","count":"6","count_per_slide":"3","orderby":"comment_count","order":"DESC","cat":"","show_image":"on","show_author":null,"show_date":"on","show_comment":null},"_multiwidget":1},"custom_html":{"2":{"title":"About Blog","content":"Vestibulum volutpat, lacus a ultrices sagittis, mi neque euismod dui, pulvinar nunc sapien ornare nisl."},"_multiwidget":1},"block-widget":{"3":{"title":"","name":"footer-main-block-1"},"_multiwidget":1},"nav_menu":{"2":{"title":"Useful Links","nav_menu":59},"3":{"title":"Customer Service","nav_menu":58},"4":{"title":"My Account","nav_menu":62},"_multiwidget":1},"yith-woo-ajax-reset-navigation":{"3":{"title":"","label":"Clean All"},"2":{"title":"","label":"Clean All"},"_multiwidget":1},"woocommerce_product_categories":{"2":{"title":"Category","orderby":"name","dropdown":0,"count":0,"hierarchical":1,"show_children_only":0,"hide_empty":1,"max_depth":""},"3":{"title":"Category:","orderby":"name","dropdown":0,"count":0,"hierarchical":1,"show_children_only":0,"hide_empty":1,"max_depth":""},"_multiwidget":1},"yith-woo-ajax-navigation":{"6":{"title":"Color","attribute":"color","query_type":"and","type":"color","colors":{"27":"","28":"","29":"","34":"","35":"","45":"","47":"","54":""},"multicolor":[],"labels":[],"display":"all","extra_class":""},"2":{"title":"Brand","attribute":"brand","query_type":"and","type":"list","colors":[],"multicolor":[],"labels":[],"display":"all","extra_class":""},"3":{"title":"Size","attribute":"size","query_type":"and","type":"list","colors":[],"multicolor":[],"labels":[],"display":"all","extra_class":""},"5":{"title":"Colour:","attribute":"color","query_type":"and","type":"list","colors":[],"multicolor":[],"labels":[],"display":"all","extra_class":""},"_multiwidget":1},"product-ordering-widget":{"2":{"title":"Sort by:","name":""},"_multiwidget":1},"woocommerce_price_filter":{"2":{"title":"Price:"},"_multiwidget":1}}]