[{"main-sidebar":["search-2","categories-4","posts-widget-2","custom_html-3"],"footer-main-widget-1":["media_image-2","custom_html-2","follow-us-widget-3"],"footer-main-widget-2":["nav_menu-2"],"footer-main-widget-3":["nav_menu-3"],"footer-main-widget-4":["nav_menu-4"],"footer-bottom-widget":["follow-us-widget-2"],"shop-sidebar":["yith-woo-ajax-reset-navigation-3","woocommerce_product_categories-2","yith-woo-ajax-navigation-6","yith-woo-ajax-navigation-2","yith-woo-ajax-navigation-3","woocommerce_price_filter-4"],"shop-top-sidebar":["yith-woo-ajax-reset-navigation-2","woocommerce_product_categories-3","product-ordering-widget-2","yith-woo-ajax-navigation-5","woocommerce_price_filter-2"]},{"search":{"2":{"title":""},"_multiwidget":1},"categories":{"4":{"title":"Categories","count":1,"hierarchical":0,"dropdown":0},"_multiwidget":1},"posts-widget":{"2":{"title":"Popular Posts","count":"6","count_per_slide":"3","orderby":"comment_count","order":"DESC","cat":"","show_image":"on","show_author":null,"show_date":"on","show_comment":null},"_multiwidget":1},"custom_html":{"3":{"title":"About Blog","content":"Vestibulum volutpat, lacus a ultrices sagittis, mi neque euismod dui, pulvinar nunc sapien ornare nisl."},"2":{"title":"","content":"<p>Praesent dapibus, neque id cursus ucibus, tortor neque egestas augue, eu vulputate magna eros eu erat.<\/p>"},"_multiwidget":1},"media_image":{"2":{"size":"full","width":95,"height":25,"caption":"","alt":"footer-logo","link_type":"custom","link_url":"","image_classes":"","link_classes":"","link_rel":"","link_target_blank":false,"image_title":"","attachment_id":6316,"url":"https:\/\/d-themes.com\/wordpress\/molla\/dummy\/dummy\/wp-content\/uploads\/sites\/29\/2020\/06\/logo-footer.png","title":""},"_multiwidget":1},"follow-us-widget":{"3":{"title":"","nofollow":null,"follow_before":"","facebook":"#","twitter":"#","rss":"","pinterest":"#","youtube":"#","instagram":"#","skype":"","linkedin":"","googleplus":"","vk":"","xing":"","tumblr":"","reddit":"","vimeo":"","telegram":"","yelp":"","flickr":"","whatsapp":"","follow_after":"","social_icon_type":"circle","social_icon_size":""},"2":{"title":"","nofollow":null,"follow_before":"<span class=\"social-label\">Social Media<\/span>","facebook":"#","twitter":"#","rss":"","pinterest":"#","youtube":"#","instagram":"#","skype":"","linkedin":"","googleplus":"","vk":"","xing":"","tumblr":"","reddit":"","vimeo":"","telegram":"","yelp":"","flickr":"","whatsapp":"","follow_after":"","social_icon_type":"colored-simple","social_icon_size":"small"},"_multiwidget":1},"nav_menu":{"2":{"title":"Useful Links","nav_menu":59},"3":{"title":"Customer Service","nav_menu":60},"4":{"title":"My Account","nav_menu":61},"_multiwidget":1},"yith-woo-ajax-reset-navigation":{"3":{"title":"","label":"Clean All"},"2":{"title":"","label":"Clean All"},"_multiwidget":1},"woocommerce_product_categories":{"2":{"title":"Category","orderby":"name","dropdown":0,"count":0,"hierarchical":1,"show_children_only":0,"hide_empty":1,"max_depth":""},"3":{"title":"Category:","orderby":"name","dropdown":0,"count":0,"hierarchical":1,"show_children_only":0,"hide_empty":1,"max_depth":""},"_multiwidget":1},"yith-woo-ajax-navigation":{"6":{"title":"Color","attribute":"color","query_type":"and","type":"color","colors":{"27":"","28":"","29":"","33":"","34":"","41":"","43":"","52":""},"multicolor":[],"labels":[],"display":"all","extra_class":""},"2":{"title":"Brand","attribute":"brand","query_type":"and","type":"list","colors":[],"multicolor":[],"labels":[],"display":"all","extra_class":""},"3":{"title":"Size","attribute":"size","query_type":"and","type":"list","colors":[],"multicolor":[],"labels":[],"display":"all","extra_class":""},"5":{"title":"Colour:","attribute":"color","query_type":"and","type":"list","colors":[],"multicolor":[],"labels":[],"display":"all","extra_class":""},"_multiwidget":1},"woocommerce_price_filter":{"4":{"title":"Price"},"2":{"title":"Price:"},"_multiwidget":1},"product-ordering-widget":{"2":{"title":"Sort by:","name":""},"_multiwidget":1}}]