[{"main-sidebar":["search-2","categories-3","posts-widget-2","custom_html-2"],"footer-main-widget-1":["media_image-2","text-2","follow-us-widget-2"],"footer-main-widget-2":["nav_menu-2"],"footer-main-widget-3":["nav_menu-3"],"footer-main-widget-4":["nav_menu-4"],"shop-sidebar":["yith-woo-ajax-reset-navigation-3","woocommerce_product_categories-2","yith-woo-ajax-navigation-2","yith-woo-ajax-navigation-3","woocommerce_price_filter-2"],"product-sidebar":["related-products-widget-3"]},{"search":{"2":{"title":""},"_multiwidget":1},"categories":{"3":{"title":"Categories","count":1,"hierarchical":0,"dropdown":0},"_multiwidget":1},"posts-widget":{"2":{"title":"Popular Posts","count":"6","count_per_slide":"3","orderby":"comment_count","order":"DESC","cat":"","show_image":"on","show_author":null,"show_date":"on","show_comment":null},"_multiwidget":1},"custom_html":{"2":{"title":"About Blog","content":"Vestibulum volutpat, lacus a ultrices sagittis, mi neque euismod dui, pulvinar nunc sapien ornare nisl."},"_multiwidget":1},"media_image":{"2":{"size":"full","width":210,"height":53,"caption":"","alt":"Footer logo","link_type":"custom","link_url":"","image_classes":"footer-logo","link_classes":"","link_rel":"","link_target_blank":false,"image_title":"","attachment_id":1677,"url":"https:\/\/d-themes.com\/wordpress\/molla\/dummy\/dummy\/wp-content\/uploads\/sites\/17\/2020\/08\/footer-logo.png","title":""},"_multiwidget":1},"text":{"2":{"title":"","text":"Praesent dapibus, neque id cursus ucibus, tortor neque egestas augue, eu vulputate magna eros eu erat.","filter":true,"visual":true},"_multiwidget":1},"follow-us-widget":{"2":{"title":"","nofollow":null,"follow_before":"","facebook":"#","twitter":"#","rss":"","pinterest":"#","youtube":"#","instagram":"#","skype":"","linkedin":"","googleplus":"","vk":"","xing":"","tumblr":"","reddit":"","vimeo":"","telegram":"","yelp":"","flickr":"","whatsapp":"","follow_after":"","social_icon_type":"circle","social_icon_size":""},"_multiwidget":1},"nav_menu":{"2":{"title":"Useful Links","nav_menu":37},"3":{"title":"Customer Service","nav_menu":38},"4":{"title":"My Account","nav_menu":39},"_multiwidget":1},"yith-woo-ajax-reset-navigation":{"3":{"title":"","label":"Clean All"},"_multiwidget":1},"woocommerce_product_categories":{"2":{"title":"Category","orderby":"name","dropdown":0,"count":0,"hierarchical":1,"show_children_only":0,"hide_empty":1,"max_depth":""},"_multiwidget":1},"yith-woo-ajax-navigation":{"2":{"title":"Color","attribute":"color","query_type":"and","type":"color","colors":{"46":"","45":"","17":"","18":"","19":"","22":"","23":"","27":"","28":"","35":""},"multicolor":[],"labels":[],"display":"all","extra_class":""},"3":{"title":"Size","attribute":"size","query_type":"and","type":"list","colors":[],"multicolor":[],"labels":[],"display":"all","extra_class":""},"_multiwidget":1},"woocommerce_price_filter":{"2":{"title":"Price"},"_multiwidget":1},"related-products-widget":{"3":{"title":"Related Products","count":"8","count_per_slide":"4"},"_multiwidget":1}}]