[{"main-sidebar":["search-2","categories-3","posts-widget-2","custom_html-2"],"footer-bottom-widget":["follow-us-widget-2"],"shop-top-sidebar":["yith-woo-ajax-reset-navigation-2","woocommerce_product_categories-2","product-ordering-widget-2","yith-woo-ajax-navigation-2","woocommerce_price_filter-2"]},{"search":{"2":{"title":""},"_multiwidget":1},"categories":{"3":{"title":"Categories","count":1,"hierarchical":0,"dropdown":0},"_multiwidget":1},"posts-widget":{"2":{"title":"Popular Posts","count":"6","count_per_slide":"3","orderby":"comment_count","order":"DESC","cat":"","show_image":"on","show_author":null,"show_date":"on","show_comment":null},"_multiwidget":1},"custom_html":{"2":{"title":"About Blog","content":"Vestibulum volutpat, lacus a ultrices sagittis, mi neque euismod dui, pulvinar nunc sapien ornare nisl."},"_multiwidget":1},"follow-us-widget":{"2":{"title":"","nofollow":null,"follow_before":"","facebook":"#","twitter":"#","rss":"","pinterest":"#","youtube":"#","instagram":"#","skype":"","linkedin":"","googleplus":"","vk":"","xing":"","tumblr":"","reddit":"","vimeo":"","telegram":"","yelp":"","flickr":"","whatsapp":"","follow_after":"","social_icon_type":"colored-simple","social_icon_size":"small"},"_multiwidget":1},"yith-woo-ajax-reset-navigation":{"2":{"title":"","label":"Clean All"},"_multiwidget":1},"woocommerce_product_categories":{"2":{"title":"Category:","orderby":"name","dropdown":0,"count":1,"hierarchical":0,"show_children_only":0,"hide_empty":1,"max_depth":""},"_multiwidget":1},"product-ordering-widget":{"2":{"title":"Sort by:"},"_multiwidget":1},"yith-woo-ajax-navigation":{"2":{"title":"Color:","attribute":"color","query_type":"and","type":"list","colors":[],"multicolor":[],"labels":[],"display":"all","extra_class":""},"_multiwidget":1},"woocommerce_price_filter":{"2":{"title":"Price:"},"_multiwidget":1}}]