[{"wp_inactive_widgets":["yith-woo-ajax-navigation-6","yith-woo-ajax-navigation-2","yith-woo-ajax-navigation-3","yith-woo-ajax-navigation-5","yith-woo-ajax-reset-navigation-3","yith-woo-ajax-reset-navigation-2","yith-woo-ajax-reset-navigation-4","woocommerce_product_categories-2","yith-woo-ajax-navigation-7","yith-woo-ajax-navigation-8","yith-woo-ajax-navigation-9","woocommerce_price_filter-3"],"main-sidebar":["search-2","categories-5","posts-widget-2","custom_html-2"],"footer-top-widget-1":["block-widget-3"],"footer-main-widget-1":["block-widget-2"],"footer-main-widget-2":["nav_menu-2"],"footer-main-widget-3":["nav_menu-3"],"footer-main-widget-4":["nav_menu-4"],"footer-bottom-widget":["follow-us-widget-2"],"shop-sidebar":["yith-woo-ajax-reset-navigation-5","woocommerce_product_categories-4","yith-woo-ajax-navigation-10","yith-woo-ajax-navigation-11","woocommerce_price_filter-4"],"shop-top-sidebar":["woocommerce_product_categories-3","product-ordering-widget-2","woocommerce_price_filter-2"]},{"search":{"2":{"title":""},"_multiwidget":1},"categories":{"5":{"title":"Categories","count":1,"hierarchical":0,"dropdown":0},"_multiwidget":1},"posts-widget":{"2":{"title":"Popular Posts","count":"6","count_per_slide":"3","orderby":"comment_count","order":"DESC","cat":"","show_image":"on","show_author":null,"show_date":"on","show_comment":null},"_multiwidget":1},"custom_html":{"2":{"title":"About Blog","content":"Vestibulum volutpat, lacus a ultrices sagittis, mi neque euismod dui, pulvinar nunc sapien ornare nisl."},"_multiwidget":1},"block-widget":{"3":{"title":"","name":"footer-top-block"},"2":{"title":"","name":"footer-main-block-1"},"_multiwidget":1},"nav_menu":{"2":{"title":"Information","nav_menu":77},"3":{"title":"Customer Service","nav_menu":78},"4":{"title":"My Account","nav_menu":79},"_multiwidget":1},"follow-us-widget":{"2":{"title":"","nofollow":"on","follow_before":"<span class=\"social-label\">Social Media<\/span>","facebook":"#","twitter":"#","rss":"","pinterest":"#","youtube":"#","instagram":"#","skype":"","linkedin":"","googleplus":"","vk":"","xing":"","tumblr":"","reddit":"","vimeo":"","telegram":"","yelp":"","flickr":"","whatsapp":"","follow_after":"","social_icon_type":"colored-simple","social_icon_size":"small"},"_multiwidget":1},"yith-woo-ajax-reset-navigation":{"5":{"title":"","label":"Clean all"},"3":{"title":"","label":"Clean All"},"2":{"title":"","label":"Clean All"},"4":{"title":"","label":"Clean  All"},"_multiwidget":1},"woocommerce_product_categories":{"4":{"title":"Categories","orderby":"name","dropdown":0,"count":0,"hierarchical":1,"show_children_only":0,"hide_empty":1,"max_depth":""},"3":{"title":"Category:","orderby":"name","dropdown":0,"count":0,"hierarchical":1,"show_children_only":0,"hide_empty":1,"max_depth":""},"2":{"title":"Category","orderby":"name","dropdown":0,"count":0,"hierarchical":1,"show_children_only":0,"hide_empty":0,"max_depth":""},"_multiwidget":1},"yith-woo-ajax-navigation":{"10":{"title":"Brand","attribute":"brand","query_type":"and","type":"list","colors":[],"multicolor":[],"labels":[],"display":"all","extra_class":""},"11":{"title":"Colour","attribute":"color","query_type":"and","type":"color","colors":{"27":"","28":"","29":"","34":"","35":"","45":"","47":"","54":""},"multicolor":[],"labels":[],"display":"all","extra_class":""},"6":{"title":"Colour","attribute":"color","query_type":"and","type":"color","colors":{"59":"","61":"","57":"","62":"","64":"","63":"","60":"","58":""},"multicolor":[],"labels":[],"display":"all","extra_class":""},"2":{"title":"Brand","attribute":"brand","query_type":"and","type":"list","colors":[],"multicolor":[],"labels":[],"display":"all","extra_class":""},"3":{"title":"Size","attribute":"size","query_type":"and","type":"list","colors":[],"multicolor":[],"labels":[],"display":"all","extra_class":""},"5":{"title":"Colour:","attribute":"color","query_type":"and","type":"list","colors":[],"multicolor":[],"labels":[],"display":"all","extra_class":""},"7":{"title":"Size","attribute":"size","query_type":"and","type":"list","colors":[],"multicolor":[],"labels":[],"display":"all","extra_class":""},"8":{"title":"Color","attribute":"color","query_type":"and","type":"color","colors":{"27":"","28":"","29":"","34":"","35":"","45":"","47":"","54":""},"multicolor":[],"labels":[],"display":"all","extra_class":""},"9":{"title":"Brand","attribute":"brand","query_type":"and","type":"list","colors":[],"multicolor":[],"labels":[],"display":"all","extra_class":""},"_multiwidget":1},"woocommerce_price_filter":{"4":{"title":"Price"},"2":{"title":"Price:"},"3":{"title":"Price"},"_multiwidget":1},"product-ordering-widget":{"2":{"title":"Sort by:","name":""},"_multiwidget":1}}]