[{"main-sidebar":["search-2","categories-3","posts-widget-2","custom_html-2"],"footer-top-widget-1":["block-widget-2"],"footer-main-widget-1":["text-2","media_image-2"],"footer-main-widget-2":["nav_menu-4"],"footer-main-widget-3":["nav_menu-3"],"footer-main-widget-4":["nav_menu-2"],"shop-sidebar":["yith-woo-ajax-reset-navigation-2","woocommerce_product_categories-2","yith-woo-ajax-navigation-2","yith-woo-ajax-navigation-3","yith-woo-ajax-navigation-4","woocommerce_price_filter-2"]},{"search":{"2":{"title":""},"_multiwidget":1},"categories":{"3":{"title":"Categories","count":1,"hierarchical":0,"dropdown":0},"_multiwidget":1},"posts-widget":{"2":{"title":"Popular Posts","count":"6","count_per_slide":"3","orderby":"comment_count","order":"DESC","cat":"","show_image":"on","show_author":null,"show_date":"on","show_comment":null},"_multiwidget":1},"custom_html":{"2":{"title":"About Blog","content":"Vestibulum volutpat, lacus a ultrices sagittis, mi neque euismod dui, pulvinar nunc sapien ornare nisl."},"_multiwidget":1},"block-widget":{"2":{"title":"","name":"footer-top-block"},"_multiwidget":1},"text":{"2":{"title":"About Us","text":"Praesent dapibus, neque id cursus ucibus, tortor neque egestas augue, eu vulputate magna eros eu erat. Aliquam erat volutpat.","filter":true,"visual":true},"_multiwidget":1},"media_image":{"2":{"size":"medium","width":272,"height":20,"caption":"","alt":"Payment","link_type":"custom","link_url":"","image_classes":"","link_classes":"","link_rel":"","link_target_blank":false,"image_title":"","attachment_id":0,"url":"\/\/d-themes.com\/wordpress\/molla\/dummy\/wp-content\/themes\/molla\/assets\/images\/payments.png","title":"Payment Method"},"_multiwidget":1},"nav_menu":{"4":{"title":"Information","nav_menu":20},"3":{"title":"Customer Service","nav_menu":21},"2":{"title":"My Account","nav_menu":22},"_multiwidget":1},"yith-woo-ajax-reset-navigation":{"2":{"title":"","label":"Clean All"},"_multiwidget":1},"woocommerce_product_categories":{"2":{"title":"Category","orderby":"name","dropdown":0,"count":0,"hierarchical":1,"show_children_only":0,"hide_empty":1,"max_depth":""},"_multiwidget":1},"yith-woo-ajax-navigation":{"2":{"title":"Color","attribute":"color","query_type":"and","type":"color","colors":{"25":"","24":"","27":"","29":"","26":"","44":"","28":""},"multicolor":[],"labels":[],"display":"all","extra_class":""},"3":{"title":"Size","attribute":"size","query_type":"and","type":"list","colors":[],"multicolor":[],"labels":[],"display":"all","extra_class":""},"4":{"title":"Brand","attribute":"brand","query_type":"and","type":"list","colors":[],"multicolor":[],"labels":[],"display":"all","extra_class":""},"_multiwidget":1},"woocommerce_price_filter":{"2":{"title":"Price"},"_multiwidget":1}}]