[{"main-sidebar":["search-2","categories-3","posts-widget-2","custom_html-4"],"footer-main-widget-1":["block-widget-2"],"footer-main-widget-2":["nav_menu-2"],"footer-main-widget-3":["nav_menu-3"],"footer-main-widget-4":["nav_menu-4"],"footer-main-widget-5":["text-3"],"footer-bottom-widget":["follow-us-widget-2"],"shop-sidebar":["yith-woo-ajax-reset-navigation-2","woocommerce_product_categories-2","yith-woo-ajax-navigation-3","yith-woo-ajax-navigation-4","woocommerce_price_filter-2"],"product-sidebar":["woocommerce_products-2","block-widget-4"]},{"search":{"2":{"title":""},"_multiwidget":1},"categories":{"3":{"title":"Categories","count":1,"hierarchical":0,"dropdown":0},"_multiwidget":1},"posts-widget":{"2":{"title":"Popular Posts","count":"6","count_per_slide":"3","orderby":"comment_count","order":"DESC","cat":"","show_image":"on","show_author":null,"show_date":"on","show_comment":null},"_multiwidget":1},"custom_html":{"4":{"title":"About Blog","content":"Vestibulum volutpat, lacus a ultrices sagittis, mi neque euismod dui, pulvinar nunc sapien ornare nisl."},"_multiwidget":1},"block-widget":{"2":{"title":"","name":"footer-main-block-1"},"4":{"title":"","name":"product-sidebar-banner"},"_multiwidget":1},"nav_menu":{"2":{"title":"Useful Links","nav_menu":37},"3":{"title":"Customer Service","nav_menu":38},"4":{"title":"My Account","nav_menu":39},"_multiwidget":1},"text":{"3":{"title":"Sign Up to Newsletter","text":"Aliquam erat volutpat. Nam dui mi, tincidunt quis, accumsan.\r\n\r\n[contact-form-7 id=\"1464\" title=\"Home\"]","filter":true,"visual":true},"_multiwidget":1},"follow-us-widget":{"2":{"title":"","nofollow":null,"follow_before":"<span class=\"social-label\">Social Media<\/span>","facebook":"#","twitter":"#","rss":"","pinterest":"#","youtube":"#","instagram":"#","skype":"","linkedin":"","googleplus":"","vk":"","xing":"","tumblr":"","reddit":"","vimeo":"","telegram":"","yelp":"","flickr":"","whatsapp":"","follow_after":"","social_icon_type":"colored-simple","social_icon_size":"small"},"_multiwidget":1},"yith-woo-ajax-reset-navigation":{"2":{"title":"","label":"Clean All"},"_multiwidget":1},"woocommerce_product_categories":{"2":{"title":"Category","orderby":"name","dropdown":0,"count":0,"hierarchical":1,"show_children_only":0,"hide_empty":1,"max_depth":""},"_multiwidget":1},"yith-woo-ajax-navigation":{"3":{"title":"Color","attribute":"color","query_type":"and","type":"color","colors":{"28":"","29":"","35":"","34":"","33":"","32":"","31":"","30":""},"multicolor":[],"labels":[],"display":"all","extra_class":""},"4":{"title":"Size","attribute":"size","query_type":"and","type":"list","colors":[],"multicolor":[],"labels":[],"display":"all","extra_class":""},"_multiwidget":1},"woocommerce_price_filter":{"2":{"title":"Price"},"_multiwidget":1},"woocommerce_products":{"2":{"title":"Popular Products","number":5,"show":"","orderby":"sales","order":"desc","hide_free":0,"show_hidden":0},"_multiwidget":1}}]