[{"main-sidebar":["search-2","categories-3","posts-widget-2"],"footer-bottom-widget":["follow-us-widget-2"],"shop-sidebar":["yith-woo-ajax-reset-navigation-4","woocommerce_product_categories-2","yith-woo-ajax-navigation-7","yith-woo-ajax-navigation-8","yith-woo-ajax-navigation-9","woocommerce_price_filter-3"]},{"search":{"2":{"title":""},"_multiwidget":1},"categories":{"3":{"title":"","count":1,"hierarchical":0,"dropdown":0},"_multiwidget":1},"posts-widget":{"2":{"title":"Recent Posts","count":"6","count_per_slide":"3","orderby":"post_date","order":"DESC","cat":"","show_image":"on","show_author":null,"show_date":"on","show_comment":null},"_multiwidget":1},"follow-us-widget":{"2":{"title":"","nofollow":"on","follow_before":"","facebook":"#","twitter":"#","rss":"","pinterest":"#","youtube":"#","instagram":"#","skype":"","linkedin":"","googleplus":"","vk":"","xing":"","tumblr":"","reddit":"","vimeo":"","telegram":"","yelp":"","flickr":"","whatsapp":"","follow_after":"","social_icon_type":"colored-simple","social_icon_size":"small"},"_multiwidget":1},"yith-woo-ajax-reset-navigation":{"4":{"title":"","label":"Clean  All"},"_multiwidget":1},"woocommerce_product_categories":{"2":{"title":"Category","orderby":"name","dropdown":0,"count":0,"hierarchical":1,"show_children_only":0,"hide_empty":1,"max_depth":""},"_multiwidget":1},"yith-woo-ajax-navigation":{"7":{"title":"Size","attribute":"size","query_type":"and","type":"list","colors":[],"multicolor":[],"labels":[],"display":"all","extra_class":""},"8":{"title":"Color","attribute":"color","query_type":"and","type":"color","colors":{"26":"","27":"","28":"","33":"","34":"","46":"","48":"","58":""},"multicolor":[],"labels":[],"display":"all","extra_class":""},"9":{"title":"Brand","attribute":"brand","query_type":"and","type":"list","colors":[],"multicolor":[],"labels":[],"display":"all","extra_class":""},"_multiwidget":1},"woocommerce_price_filter":{"3":{"title":"Price"},"_multiwidget":1}}]