[{"main-sidebar":["search-2","categories-3","posts-widget-2","custom_html-2"],"footer-main-widget-1":["media_image-3","text-2","block-widget-2"],"footer-main-widget-2":["nav_menu-2"],"footer-main-widget-3":["nav_menu-3"],"footer-main-widget-4":["nav_menu-4"],"footer-bottom-widget":["follow-us-widget-2"],"shop-sidebar":["yith-woo-ajax-reset-navigation-3","woocommerce_product_categories-2","yith-woo-ajax-navigation-6","yith-woo-ajax-navigation-7","woocommerce_price_filter-3"],"product-sidebar":["related-products-widget-2","block-widget-3"]},{"search":{"2":{"title":""},"_multiwidget":1},"categories":{"3":{"title":"Categories","count":1,"hierarchical":0,"dropdown":0},"_multiwidget":1},"posts-widget":{"2":{"title":"Popular Posts","count":"6","count_per_slide":"3","orderby":"comment_count","order":"DESC","cat":"","show_image":"on","show_author":null,"show_date":"on","show_comment":null},"_multiwidget":1},"custom_html":{"2":{"title":"About Blog","content":"Vestibulum volutpat, lacus a ultrices sagittis, mi neque euismod dui, pulvinar nunc sapien ornare nisl."},"_multiwidget":1},"media_image":{"3":{"size":"full","width":164,"height":44,"caption":"","alt":"Footer logo","link_type":"custom","link_url":"","image_classes":"footer-logo","link_classes":"","link_rel":"","link_target_blank":false,"image_title":"","attachment_id":5732,"url":"https:\/\/d-themes.com\/wordpress\/molla\/dummy\/dummy\/wp-content\/uploads\/sites\/15\/2020\/08\/retina_logo.png","title":""},"_multiwidget":1},"text":{"2":{"title":"","text":"Praesent dapibus, neque id cursus ucibus, tortor neque egestas augue, eu vulputate magna eros eu erat. Aliquam erat volutpat. Nam dui mi, tincidunt quis, accumsan porttitor, facilisis luctus, metus.","filter":true,"visual":true},"_multiwidget":1},"block-widget":{"2":{"title":"","name":"footer-main-block-1"},"3":{"title":"","name":"product-sidebar"},"_multiwidget":1},"nav_menu":{"2":{"title":"Information","nav_menu":45},"3":{"title":"Customer Service","nav_menu":46},"4":{"title":"My Account","nav_menu":47},"_multiwidget":1},"follow-us-widget":{"2":{"title":"","nofollow":null,"follow_before":"<span class=\"social-label\">Social Media<\/span>","facebook":"#","twitter":"#","rss":"","pinterest":"#","youtube":"#","instagram":"#","skype":"","linkedin":"","googleplus":"","vk":"","xing":"","tumblr":"","reddit":"","vimeo":"","telegram":"","yelp":"","flickr":"","whatsapp":"","follow_after":"","social_icon_type":"colored-simple","social_icon_size":"small"},"_multiwidget":1},"yith-woo-ajax-reset-navigation":{"3":{"title":"","label":"Clean All"},"_multiwidget":1},"woocommerce_product_categories":{"2":{"title":"Category","orderby":"name","dropdown":0,"count":0,"hierarchical":1,"show_children_only":0,"hide_empty":1,"max_depth":""},"_multiwidget":1},"yith-woo-ajax-navigation":{"6":{"title":"Color","attribute":"color","query_type":"and","type":"color","colors":{"52":"","26":"","27":"","28":"","30":"","31":"","35":"","36":"","43":""},"multicolor":[],"labels":[],"display":"all","extra_class":""},"7":{"title":"Size","attribute":"size","query_type":"and","type":"list","colors":[],"multicolor":[],"labels":[],"display":"all","extra_class":""},"_multiwidget":1},"woocommerce_price_filter":{"3":{"title":"Price"},"_multiwidget":1},"related-products-widget":{"2":{"title":"Related Products","count":"8","count_per_slide":"4","before_content":"","after_content":"<a href=\"https:\/\/d-themes.com\/wordpress\/molla\/dummy\/demo-9\/dummy\/shop\" class=\"btn btn-outline w-100\" style=\"margin-bottom: 3rem;\"><span>View More Products<\/span><i class=\"icon-long-arrow-right\"><\/i><\/a>"},"_multiwidget":1}}]