[{"main-sidebar":["search-2","categories-4","posts-widget-2","custom_html-3"],"footer-main-widget-1":["media_image-2","custom_html-2","block-widget-2"],"footer-main-widget-2":["nav_menu-2","nav_menu-5","nav_menu-6"],"footer-bottom-widget":["follow-us-widget-2"],"shop-sidebar":["yith-woo-ajax-reset-navigation-5","woocommerce_product_categories-2","yith-woo-ajax-navigation-9","yith-woo-ajax-navigation-11","woocommerce_price_filter-3"],"shop-top-sidebar":["yith-woo-ajax-reset-navigation-6","woocommerce_product_categories-3","product-ordering-widget-2","yith-woo-ajax-navigation-10","woocommerce_price_filter-2"]},{"search":{"2":{"title":""},"_multiwidget":1},"categories":{"4":{"title":"Categories","count":1,"hierarchical":0,"dropdown":0},"_multiwidget":1},"posts-widget":{"2":{"title":"Popular Posts","count":"6","count_per_slide":"3","orderby":"comment_count","order":"DESC","cat":"","show_image":"on","show_author":null,"show_date":"on","show_comment":null},"_multiwidget":1},"custom_html":{"3":{"title":"About Blog","content":"Vestibulum volutpat, lacus a ultrices sagittis, mi neque euismod dui, pulvinar nunc sapien ornare nisl."},"2":{"title":"","content":"Praesent dapibus, neque id cursus ucibus, tortor neque egestas augue, eu vulputate magna eros eu erat. Aliquam erat volutpat. Nam dui mi, tincidunt quis, accumsan porttitor, facilisis luctus, metus."},"_multiwidget":1},"media_image":{"2":{"size":"full","width":210,"height":53,"caption":"","alt":"logo","link_type":"none","link_url":"","image_classes":"footer-logo","link_classes":"","link_rel":"","link_target_blank":false,"image_title":"","attachment_id":5215,"url":"https:\/\/d-themes.com\/wordpress\/molla\/dummy\/dummy\/wp-content\/uploads\/sites\/28\/2020\/07\/retina_logo.png","title":""},"_multiwidget":1},"block-widget":{"2":{"title":"","name":"footer-main-block-1"},"_multiwidget":1},"nav_menu":{"2":{"title":"Information","nav_menu":149},"5":{"title":"Customer Service","nav_menu":150},"6":{"title":"My Account","nav_menu":151},"_multiwidget":1},"follow-us-widget":{"2":{"title":"","nofollow":"on","follow_before":"<span class=\"social-label\">Social Media<\/span>","facebook":"#","twitter":"#","rss":"","pinterest":"#","youtube":"#","instagram":"#","skype":"","linkedin":"","googleplus":"","vk":"","xing":"","tumblr":"","reddit":"","vimeo":"","telegram":"","yelp":"","flickr":"","whatsapp":"","follow_after":"","social_icon_type":"colored-simple","social_icon_size":"small"},"_multiwidget":1},"yith-woo-ajax-reset-navigation":{"5":{"title":"","label":"Clean All"},"6":{"title":"","label":"Clean All"},"_multiwidget":1},"woocommerce_product_categories":{"2":{"title":"Category","orderby":"name","dropdown":0,"count":0,"hierarchical":1,"show_children_only":0,"hide_empty":1,"max_depth":""},"3":{"title":"Category:","orderby":"name","dropdown":0,"count":0,"hierarchical":1,"show_children_only":0,"hide_empty":1,"max_depth":""},"_multiwidget":1},"yith-woo-ajax-navigation":{"9":{"title":"Color","attribute":"color","query_type":"and","type":"color","colors":{"103":"","104":"","105":"","110":"","111":"","121":"","123":"","130":""},"multicolor":[],"labels":[],"display":"all","extra_class":""},"11":{"title":"Size","attribute":"size","query_type":"and","type":"list","colors":[],"multicolor":[],"labels":[],"display":"all","extra_class":""},"10":{"title":"Colour","attribute":"color","query_type":"and","type":"list","colors":[],"multicolor":[],"labels":[],"display":"all","extra_class":""},"_multiwidget":1},"woocommerce_price_filter":{"3":{"title":"Price"},"2":{"title":"Price:"},"_multiwidget":1},"product-ordering-widget":{"2":{"title":"Sort by:","name":""},"_multiwidget":1}}]